Cod_IBGE;grande_regiao;municipio;total_casos;total_obitos;taxa_de_letalidade;populacao;taxa_de_mortalidade
3536257;Interior;Parisi;304;15;4.93;2053;0.73
3529609;Interior;Meridiano;255;21;8.24;3725;0.56
3504800;Interior;Bãlsamo;1228;48;3.91;8542;0.56
3546108;Interior;Santa Clara d'Oeste;140;11;7.86;1998;0.55
3534005;Interior;Onda Verde;593;20;3.37;4250;0.47
3518909;Interior;Guzolãndia;400;23;5.75;5134;0.45
3548807;RMSP (exceto capital);São Caetano do Sul;14175;660;4.66;151111;0.44
3539004;Interior;Pirangi;1179;46;3.90;10825;0.42
3514403;Interior;Dracena;4125;190;4.61;45088;0.42
3549805;Interior;São Josã do Rio Preto;64347;1855;2.88;450361;0.41
3512902;Interior;Cosmorama;540;28;5.19;6976;0.40
3507308;Interior;Boracãia;743;19;2.56;4798;0.40
3529500;Interior;Mendonãa;600;20;3.33;5069;0.39
3517604;Interior;Guapiara;1655;68;4.11;17832;0.38
3532504;Interior;Neves Paulista;870;32;3.68;8592;0.37
3554904;Interior;Trãs Fronteiras;457;20;4.38;5550;0.36
3507753;Interior;Brejo Alegre;262;10;3.82;2780;0.36
3504206;Interior;Auriflama;1560;52;3.33;14478;0.36
3524808;Interior;Jales;4575;166;3.63;47242;0.35
3507704;Interior;Braãna;350;19;5.43;5593;0.34
3555802;Interior;Urãnia;911;29;3.18;8584;0.34
3548500;Interior;Santos;47510;1450;3.05;429513;0.34
3546801;RMSP (exceto capital);Santa Isabel;4604;186;4.04;55436;0.34
3533908;Interior;Olãmpia;6847;175;2.56;52670;0.33
3501806;Interior;Amãrico de Campos;616;19;3.08;5730;0.33
3513900;Interior;Divinolãndia;878;36;4.10;10865;0.33
3545100;Interior;Salmourão;249;17;6.83;5138;0.33
3531605;Interior;Monte Castelo;427;13;3.04;3985;0.33
3502101;Interior;Andradina;4420;182;4.12;56087;0.32
3557105;Interior;Votuporanga;10898;293;2.69;92193;0.32
3540309;Interior;Pontes Gestal;250;8;3.20;2530;0.32
3517703;Interior;Guarã;1327;65;4.90;20907;0.31
3505708;RMSP (exceto capital);Barueri;22188;826;3.72;266236;0.31
3512605;Interior;Coronel Macedo;289;15;5.19;4839;0.31
3544608;Interior;Sabino;250;17;6.80;5485;0.31
3528205;Interior;Macedãnia;251;11;4.38;3562;0.31
3535903;Interior;Paranapuã;310;12;3.87;3895;0.31
3502804;Interior;Araãatuba;20977;588;2.80;190921;0.31
3532603;Interior;Nhandeara;788;33;4.19;10760;0.31
3501202;Interior;ãlvares Florence;325;11;3.38;3596;0.31
3530003;Interior;Mira Estrela;288;9;3.13;2949;0.31
3504602;Interior;Bady Bassitt;2228;50;2.24;16441;0.30
3521150;Interior;Ipiguã;738;16;2.17;5286;0.30
3556107;Interior;Valentim Gentil;1415;39;2.76;12897;0.30
3549003;Interior;São Francisco;171;8;4.68;2667;0.30
3544806;Interior;Sales;261;18;6.90;6082;0.30
3517406;Interior;Guaãra;3566;115;3.22;39154;0.29
3516804;Interior;Gastão Vidigal;134;14;10.45;4811;0.29
3521408;Interior;Iracemãpolis;3152;69;2.19;23907;0.29
3508108;Interior;Buritama;1753;48;2.74;16673;0.29
3547809;RMSP (exceto capital);Santo Andrã;48270;1981;4.10;694681;0.29
3527108;Interior;Lins;6854;214;3.12;75318;0.28
3543501;Interior;Riversul;292;16;5.48;5686;0.28
3506508;Interior;Birigui;10701;340;3.18;122161;0.28
3547650;Interior;Santa Salete;153;4;2.61;1438;0.28
3503356;Interior;Arco-ãris;85;5;5.88;1806;0.28
3553401;Interior;Tanabi;3006;69;2.30;25147;0.27
3511102;Interior;Catanduva;7756;321;4.14;117414;0.27
3517109;Interior;Glicãrio;272;13;4.78;4762;0.27
3525607;Interior;João Ramalho;412;12;2.91;4404;0.27
3530300;Interior;Mirassol;5971;158;2.65;58112;0.27
3523206;Interior;Itararã;3630;133;3.66;49149;0.27
3549250;Interior;São João de Iracema;81;5;6.17;1853;0.27
3548708;RMSP (exceto capital);São Bernardo do Campo;56774;2197;3.87;815109;0.27
3537305;Interior;Penãpolis;4471;164;3.67;60902;0.27
3515509;Interior;Fernandãpolis;7494;178;2.38;66131;0.27
3520426;Interior;Ilha Comprida;794;28;3.53;10410;0.27
3552700;Interior;Tabatinga;1386;43;3.10;15996;0.27
3502606;Interior;Aparecida d'Oeste;575;11;1.91;4105;0.27
3513504;Interior;Cubatão;10881;346;3.18;130025;0.27
3543402;Interior;Ribeirão Preto;52101;1832;3.52;688894;0.27
3540804;Interior;Potirendaba;1777;44;2.48;16677;0.26
3539509;Interior;Pitangueiras;3197;102;3.19;38852;0.26
3555109;Interior;Tupi Paulista;1277;39;3.05;14877;0.26
3500204;Interior;Adolfo;374;9;2.41;3436;0.26
3552601;Interior;Tabapuã;909;31;3.41;11918;0.26
3515202;Interior;Estrela d'Oeste;949;21;2.21;8083;0.26
3510500;Interior;Caraguatatuba;12239;302;2.47;117090;0.26
3526001;Interior;Junqueirãpolis;1184;52;4.39;20174;0.26
3548104;Interior;Santo Antãnio do Jardim;352;15;4.26;5823;0.26
3510708;Interior;Cardoso;709;30;4.23;11712;0.26
3542602;Interior;Registro;4690;139;2.96;54270;0.26
3533502;Interior;Novo Horizonte;3229;100;3.10;39124;0.26
3520806;Interior;Inãbia Paulista;239;10;4.18;3913;0.26
3548401;Interior;Santãpolis do Aguapeã;360;12;3.33;4698;0.26
3518701;Interior;Guarujã;15803;814;5.15;318774;0.26
3532868;Interior;Nova Castilho;51;3;5.88;1180;0.25
3515806;Interior;Flora Rica;109;4;3.67;1575;0.25
3534401;RMSP (exceto capital);Osasco;31498;1714;5.44;682876;0.25
3501103;Interior;Alto Alegre;219;10;4.57;4006;0.25
3555901;Interior;Uru;123;3;2.44;1203;0.25
3505203;Interior;Bariri;2224;85;3.82;34180;0.25
3518800;RMSP (exceto capital);Guarulhos;48338;3381;6.99;1361862;0.25
3545704;Interior;Santa Albertina;530;14;2.64;5657;0.25
3505500;Interior;Barretos;10284;293;2.85;118419;0.25
3509502;Interior;Campinas;75297;2920;3.88;1181555;0.25
3521606;Interior;Irapuru;469;18;3.84;7295;0.25
3532801;Interior;Nova Alianãa;604;16;2.65;6487;0.25
3514205;Interior;Dolcinãpolis;141;5;3.55;2033;0.25
3525904;Interior;Jundiaã;34525;1006;2.91;409439;0.25
3532207;Interior;Narandiba;544;12;2.21;4888;0.25
3540200;Interior;Pontal;4051;122;3.01;49889;0.24
3521309;Interior;Ipuã;1265;39;3.08;16001;0.24
3500402;Interior;ãguas da Prata;399;19;4.76;7807;0.24
3545605;Interior;Santa Adãlia;980;36;3.67;14929;0.24
3530607;RMSP (exceto capital);Mogi das Cruzes;21767;1053;4.84;436883;0.24
3545803;Interior;Santa Bãrbara d'Oeste;14224;455;3.20;189330;0.24
3529401;RMSP (exceto capital);Mauã;19652;1110;5.65;463338;0.24
3528858;Interior;Marapoama;254;7;2.76;2925;0.24
3534500;Interior;Oscar Bressane;216;6;2.78;2508;0.24
3519501;Interior;Ibirarema;515;18;3.50;7570;0.24
3533007;Interior;Nova Granada;2115;50;2.36;21054;0.24
3529708;Interior;Miguelãpolis;831;51;6.14;21500;0.24
3508009;Interior;Buri;2070;47;2.27;19819;0.24
3551702;Interior;Sertãozinho;11167;292;2.61;123148;0.24
3520442;Interior;Ilha Solteira;1742;61;3.50;25754;0.24
3530805;Interior;Mogi Mirim;7578;214;2.82;90657;0.24
3545308;Interior;Salto de Pirapora;2359;105;4.45;44522;0.24
3529906;Interior;Miracatu;1330;47;3.53;19961;0.24
3503901;RMSP (exceto capital);Arujã;5765;214;3.71;90958;0.24
3520202;Interior;Igaratã;1716;22;1.28;9354;0.24
3519600;Interior;Ibitinga;5260;138;2.62;58860;0.23
3541406;Interior;Presidente Prudente;18157;520;2.86;221938;0.23
3543238;Interior;Ribeirão dos ãndios;61;5;8.20;2135;0.23
3552205;Interior;Sorocaba;47221;1550;3.28;663739;0.23
3536208;Interior;Pariquera-Aãu;1731;45;2.60;19311;0.23
3525300;Interior;Jaã;7022;346;4.93;148613;0.23
3531001;Interior;Monãães;168;5;2.98;2173;0.23
3555703;Interior;União Paulista;113;4;3.54;1751;0.23
3503950;Interior;Aspãsia;89;4;4.49;1760;0.23
3556958;Interior;Vitãria Brasil;143;4;2.80;1761;0.23
3512308;Interior;Conchas;1433;39;2.72;17203;0.23
3509254;Interior;Cajati;2791;66;2.36;29116;0.23
3516903;Interior;General Salgado;786;24;3.05;10632;0.23
3514700;Interior;Echaporã;346;14;4.05;6208;0.23
3531407;Interior;Monte Aprazãvel;1688;53;3.14;23561;0.22
3528007;Interior;Macatuba;2384;38;1.59;16981;0.22
3550308;Capital;São Paulo;703977;26642;3.78;11914851;0.22
3555307;Interior;Turmalina;128;4;3.13;1789;0.22
3517505;Interior;Guapiaãu;1509;47;3.11;21060;0.22
3530102;Interior;Mirandãpolis;1488;64;4.30;28715;0.22
3500907;Interior;Altair;132;9;6.82;4052;0.22
3538105;Interior;Pindorama;845;36;4.26;16331;0.22
3539806;RMSP (exceto capital);Poã;5669;255;4.50;116289;0.22
3548054;Interior;Santo Antãnio do Aracanguã;443;18;4.06;8297;0.22
3546603;Interior;Santa Fã do Sul;2653;67;2.53;30897;0.22
3534302;Interior;Orlãndia;3011;92;3.06;42436;0.22
3539301;Interior;Pirassununga;6475;160;2.47;73921;0.22
3553708;Interior;Taquaritinga;3415;118;3.46;54531;0.22
3554003;Interior;Tatuã;5132;262;5.11;121202;0.22
3556206;Interior;Valinhos;9351;271;2.90;125800;0.22
3551009;Interior;São Vicente;14096;775;5.50;360262;0.22
3554656;Interior;Torre de Pedra;64;5;7.81;2325;0.22
3524600;Interior;Jacupiranga;1058;37;3.50;17237;0.21
3502200;Interior;Angatuba;2119;53;2.50;24697;0.21
3504008;Interior;Assis;6826;218;3.19;101825;0.21
3510005;Interior;Cãndido Mota;2204;64;2.90;30010;0.21
3503307;Interior;Araras;12866;281;2.18;131931;0.21
3552809;RMSP (exceto capital);Taboão da Serra;14565;611;4.19;287155;0.21
3511201;Interior;Catiguã;535;16;2.99;7555;0.21
3530409;Interior;Mirassolãndia;331;10;3.02;4736;0.21
3509007;RMSP (exceto capital);Caieiras;6206;214;3.45;101748;0.21
3525706;Interior;Josã Bonifãcio;3620;76;2.10;36229;0.21
3540101;Interior;Pongaã;184;7;3.80;3340;0.21
3547403;Interior;Santa Rita d'Oeste;168;5;2.98;2389;0.21
3538709;Interior;Piracicaba;41743;817;1.96;391464;0.21
3518008;Interior;Guarani d'Oeste;111;4;3.60;1917;0.21
3551900;Interior;Severãnia;1759;36;2.05;17263;0.21
3537602;Interior;Peruãbe;4840;139;2.87;66747;0.21
3525102;Interior;Jardinãpolis;2400;90;3.75;43258;0.21
3509304;Interior;Cajobi;657;21;3.20;10124;0.21
3511607;Interior;Cesãrio Lange;1116;36;3.23;17360;0.21
3536901;Interior;Pedranãpolis;172;5;2.91;2412;0.21
3530706;Interior;Mogi Guaãu;11292;308;2.73;149071;0.21
3526704;Interior;Leme;7391;209;2.83;101693;0.21
3527009;Interior;Lindãia;458;16;3.49;7789;0.21
3535101;Interior;Palmares Paulista;931;27;2.90;13154;0.21
3553906;Interior;Tarabai;473;15;3.17;7327;0.20
3557006;Interior;Votorantim;5888;247;4.19;120662;0.20
3500808;Interior;Alfredo Marcondes;204;8;3.92;3924;0.20
3535804;Interior;Paranapanema;1001;41;4.10;20151;0.20
3549201;Interior;São João das Duas Pontes;135;5;3.70;2466;0.20
3513801;RMSP (exceto capital);Diadema;19567;822;4.20;405596;0.20
3522604;Interior;Itapira;5055;145;2.87;71609;0.20
3511300;Interior;Cedral;734;18;2.45;8895;0.20
3519071;Interior;Hortolãndia;15762;471;2.99;233548;0.20
3500550;Interior;ãguas de Santa Bãrbara;291;12;4.12;5957;0.20
3534203;Interior;Orindiãva;884;14;1.58;6951;0.20
3533403;Interior;Nova Odessa;4326;117;2.70;58490;0.20
3546306;Interior;Santa Cruz das Palmeiras;2655;68;2.56;34031;0.20
3501608;Interior;Americana;15271;469;3.07;235075;0.20
3540259;Interior;Pontalinda;134;9;6.72;4515;0.20
3509205;RMSP (exceto capital);Cajamar;3368;157;4.66;78786;0.20
3506003;Interior;Bauru;33556;728;2.17;365523;0.20
3552502;RMSP (exceto capital);Suzano;15791;582;3.69;293464;0.20
3531308;Interior;Monte Alto;3333;96;2.88;48469;0.20
3551801;Interior;Sete Barras;1105;25;2.26;12643;0.20
3552908;Interior;Taciba;339;12;3.54;6081;0.20
3513108;Interior;Cravinhos;1217;68;5.59;34637;0.20
3555604;Interior;Uchoa;937;19;2.03;9689;0.20
3506805;Interior;Bocaina;1083;24;2.22;12243;0.20
3518206;Interior;Guararapes;2345;63;2.69;32160;0.20
3530508;Interior;Mococa;4238;130;3.07;66719;0.19
3545001;RMSP (exceto capital);Salesãpolis;420;33;7.86;16945;0.19
3545209;Interior;Salto;7077;226;3.19;116089;0.19
3516853;Interior;Gavião Peixoto;826;9;1.09;4627;0.19
3557154;Interior;Zacarias;223;5;2.24;2574;0.19
3519303;Interior;Ibatã;2603;68;2.61;35044;0.19
3501152;Interior;Alumãnio;1103;35;3.17;18069;0.19
3522208;RMSP (exceto capital);Itapecerica da Serra;5741;331;5.77;171123;0.19
3526803;Interior;Lenããis Paulista;9152;129;1.41;66695;0.19
3532900;Interior;Nova Europa;571;21;3.68;10863;0.19
3522505;RMSP (exceto capital);Itapevi;8193;466;5.69;241150;0.19
3520301;Interior;Iguape;1498;57;3.81;29555;0.19
3506607;RMSP (exceto capital);Biritiba Mirim;977;63;6.45;32683;0.19
3505302;Interior;Barra Bonita;2554;67;2.62;34864;0.19
3534609;Interior;Osvaldo Cruz;1833;60;3.27;31256;0.19
3543303;RMSP (exceto capital);Ribeirão Pires;6519;228;3.50;119339;0.19
3536000;Interior;Parapuã;686;20;2.92;10473;0.19
3529005;Interior;Marãlia;17831;444;2.49;232599;0.19
3543709;Interior;Rincão;305;20;6.56;10506;0.19
3556602;Interior;Vera Cruz;418;20;4.78;10506;0.19
3522802;Interior;Itaporanga;1028;28;2.72;14710;0.19
3555000;Interior;Tupã;3288;119;3.62;62720;0.19
3549102;Interior;São João da Boa Vista;5602;166;2.96;87537;0.19
3519402;Interior;Ibirã;1018;23;2.26;12132;0.19
3552403;Interior;Sumarã;17431;542;3.11;286462;0.19
3550100;Interior;São Manuel;2823;75;2.66;39678;0.19
3504404;Interior;Avanhandava;528;23;4.36;12188;0.19
3507407;Interior;Borborema;899;29;3.23;15370;0.19
3518305;RMSP (exceto capital);Guararema;1244;56;4.50;29736;0.19
3501509;Interior;Alvinlãndia;112;6;5.36;3190;0.19
3510609;RMSP (exceto capital);Carapicuãba;24010;745;3.10;396447;0.19
3507803;Interior;Brodowski;1699;45;2.65;24132;0.19
3500105;Interior;Adamantina;2346;63;2.69;33869;0.19
3522406;Interior;Itapeva;4885;171;3.50;92123;0.19
3518107;Interior;Guarantã;226;12;5.31;6485;0.19
3502507;Interior;Aparecida;2036;66;3.24;35744;0.18
3522109;Interior;Itanhaãm;4078;184;4.51;99751;0.18
3550803;Interior;São Sebastião da Grama;642;22;3.43;11929;0.18
3527256;Interior;Lourdes;213;4;1.88;2183;0.18
3516408;RMSP (exceto capital);Franco da Rocha;8765;282;3.22;153903;0.18
3512407;Interior;Cordeirãpolis;3354;45;1.34;24615;0.18
3547304;RMSP (exceto capital);Santana de Parnaãba;10244;257;2.51;140616;0.18
3534757;Interior;Ouroeste;835;18;2.16;9871;0.18
3556008;Interior;Urupãs;587;24;4.09;13181;0.18
3512001;Interior;Colina;1002;32;3.19;17606;0.18
3551306;Interior;Sebastianãpolis do Sul;109;6;5.50;3304;0.18
3524105;Interior;Ituverava;1195;73;6.11;40333;0.18
3521507;Interior;Irapuã;433;14;3.23;7767;0.18
3536505;Interior;Paulãnia;11266;192;1.70;106781;0.18
3557303;Interior;Estiva Gerbi;529;20;3.78;11156;0.18
3556305;Interior;Valparaãso;1640;43;2.62;24099;0.18
3520905;Interior;Ipaussu;1101;26;2.36;14578;0.18
3526407;Interior;Laranjal Paulista;2677;50;1.87;28042;0.18
3521903;Interior;Itajobi;1173;26;2.22;14602;0.18
3515103;RMSP (exceto capital);Embu-Guaãu;3636;122;3.36;68565;0.18
3543907;Interior;Rio Claro;9086;358;3.94;202289;0.18
3512704;Interior;Corumbataã;313;7;2.24;3969;0.18
3515186;Interior;Espãrito Santo do Pinhal;3461;75;2.17;42639;0.18
3552551;Interior;Suzanãpolis;275;7;2.55;3990;0.18
3534104;Interior;Oriente;206;11;5.34;6275;0.18
3541208;Interior;Presidente Bernardes;772;24;3.11;13713;0.18
3513850;Interior;Dirce Reis;97;3;3.09;1715;0.17
3520509;Interior;Indaiatuba;17497;429;2.45;245366;0.17
3516309;RMSP (exceto capital);Francisco Morato;8235;308;3.74;176346;0.17
3529203;Interior;Martinãpolis;948;45;4.75;25778;0.17
3519808;Interior;Icãm;656;14;2.13;8077;0.17
3534708;Interior;Ourinhos;8650;192;2.22;111039;0.17
3543600;Interior;Rifaina;296;6;2.03;3470;0.17
3544004;Interior;Rio das Pedras;1980;60;3.03;34768;0.17
3501707;Interior;Amãrico Brasiliense;3016;70;2.32;40676;0.17
3525805;Interior;Jãlio Mesquita;97;8;8.25;4658;0.17
3549953;RMSP (exceto capital);São Lourenão da Serra;548;27;4.93;15721;0.17
3551504;Interior;Serrana;3670;77;2.10;44870;0.17
3533304;Interior;Nova Luzitãnia;225;7;3.11;4083;0.17
3541505;Interior;Presidente Venceslau;1883;65;3.45;37981;0.17
3523107;RMSP (exceto capital);Itaquaquecetuba;12115;637;5.26;374997;0.17
3542404;Interior;Regente Feijã;457;33;7.22;19556;0.17
3508801;Interior;Cafelãndia;635;29;4.57;17286;0.17
3540705;Interior;Porto Ferreira;3289;91;2.77;54274;0.17
3512209;Interior;Conchal;1451;46;3.17;27445;0.17
3515152;Interior;Engenheiro Coelho;1917;35;1.83;20884;0.17
3512506;Interior;Coroados;446;10;2.24;5971;0.17
3511003;Interior;Castilho;1481;35;2.36;20937;0.17
3544509;Interior;Rubinãia;259;5;1.93;2996;0.17
3514957;Interior;Embaãba;83;4;4.82;2406;0.17
3508504;Interior;Caãapava;5520;152;2.75;91646;0.17
3553104;Interior;Taiaãu;272;10;3.68;6048;0.17
3516705;Interior;Garãa;2394;70;2.92;42385;0.17
3547908;Interior;Santo Antãnio da Alegria;381;11;2.89;6661;0.17
3545506;Interior;Sandovalina;173;7;4.05;4257;0.16
3502754;Interior;Araãariguama;1123;35;3.12;21289;0.16
3526100;Interior;Juquiã;1267;31;2.45;18856;0.16
3551207;Interior;Sarutaiã;99;6;6.06;3652;0.16
3535408;Interior;Panorama;774;25;3.23;15253;0.16
3501301;Interior;ãlvares Machado;1305;39;2.99;23828;0.16
3549904;Interior;São Josã dos Campos;60873;1173;1.93;716688;0.16
3535002;Interior;Palestina;435;20;4.60;12220;0.16
3532827;Interior;Nova Campina;403;16;3.97;9787;0.16
3553807;Interior;Taquarituba;1986;38;1.91;23246;0.16
3503000;Interior;Aramina;235;9;3.83;5515;0.16
3524402;Interior;Jacareã;16125;373;2.31;229163;0.16
3528304;Interior;Magda;145;5;3.45;3076;0.16
3537909;Interior;Pilar do Sul;1637;46;2.81;28355;0.16
3507605;Interior;Braganãa Paulista;11489;268;2.33;165241;0.16
3502705;Interior;Apiaã;927;40;4.31;24711;0.16
3503802;Interior;Artur Nogueira;3102;86;2.77;53224;0.16
3533254;Interior;Novais;226;9;3.98;5575;0.16
3532157;Interior;Nantes;131;5;3.82;3103;0.16
3522703;Interior;Itãpolis;2953;67;2.27;41648;0.16
3539202;Interior;Pirapozinho;1679;44;2.62;27425;0.16
3518602;Interior;Guariba;2837;63;2.22;39285;0.16
3546207;Interior;Santa Cruz da Conceiãão;443;7;1.58;4372;0.16
3506359;Interior;Bertioga;4470;103;2.30;64526;0.16
3553203;Interior;Taiãva;660;10;1.52;6265;0.16
3500600;Interior;ãguas de São Pedro;209;5;2.39;3144;0.16
3538907;Interior;Pirajuã;1540;37;2.40;23274;0.16
3535705;Interior;Paraãso;294;10;3.40;6293;0.16
3519253;Interior;Iaras;165;11;6.67;6943;0.16
3539905;Interior;Poloni;379;9;2.37;5681;0.16
3543006;Interior;Ribeirão Branco;1105;28;2.53;17683;0.16
3509601;Interior;Campo Limpo Paulista;3815;132;3.46;83530;0.16
3528502;RMSP (exceto capital);Mairiporã;5061;158;3.12;100034;0.16
3517208;Interior;Guaiãara;1045;19;1.82;12045;0.16
3556800;Interior;Viradouro;1348;29;2.15;18421;0.16
3515707;RMSP (exceto capital);Ferraz de Vasconcelos;7447;307;4.12;195168;0.16
3500709;Interior;Agudos;2547;57;2.24;36255;0.16
3513009;RMSP (exceto capital);Cotia;9647;395;4.09;251382;0.16
3526902;Interior;Limeira;15045;467;3.10;297662;0.16
3532843;Interior;Nova Canaã Paulista;152;3;1.97;1921;0.16
3524501;Interior;Jaci;562;11;1.96;7052;0.16
3544905;Interior;Sales Oliveira;1293;18;1.39;11580;0.16
3546702;Interior;Santa Gertrudes;2356;41;1.74;26572;0.15
3517901;Interior;Guaraci;664;17;2.56;11050;0.15
3526209;RMSP (exceto capital);Juquitiba;1589;47;2.96;30579;0.15
3500758;Interior;Alambari;424;9;2.12;5856;0.15
3507001;Interior;Boituva;4073;89;2.19;57987;0.15
3534906;Interior;Pacaembu;929;20;2.15;13041;0.15
3501905;Interior;Amparo;4003;107;2.67;69861;0.15
3505609;Interior;Barrinha;1190;50;4.20;32658;0.15
3525003;RMSP (exceto capital);Jandira;5118;191;3.73;124940;0.15
3506409;Interior;Bilac;704;12;1.70;7855;0.15
3511706;Interior;Charqueada;991;26;2.62;17075;0.15
3519907;Interior;Iepã;507;12;2.37;7943;0.15
3541604;Interior;Promissão;4080;60;1.47;40001;0.15
3541109;Interior;Presidente Alves;214;6;2.80;4011;0.15
3541000;Interior;Praia Grande;14600;480;3.29;321008;0.15
3516507;Interior;Gabriel Monteiro;117;4;3.42;2677;0.15
3544301;Interior;Roseira;960;16;1.67;10723;0.15
3523305;Interior;Itariri;956;26;2.72;17442;0.15
3519105;Interior;Iacanga;812;17;2.09;11410;0.15
3503208;Interior;Araraquara;15682;340;2.17;228792;0.15
3516101;Interior;Florãnea;126;4;3.17;2697;0.15
3511508;Interior;Cerquilho;3518;69;1.96;46932;0.15
3518859;Interior;Guataparã;254;11;4.33;7482;0.15
3527405;Interior;Lucãlia;931;31;3.33;21092;0.15
3555356;Interior;Ubarana;555;9;1.62;6126;0.15
3520608;Interior;Indiana;199;7;3.52;4771;0.15
3523909;Interior;Itu;12382;250;2.02;170938;0.15
3536703;Interior;Pederneiras;2799;67;2.39;45877;0.15
3541307;Interior;Presidente Epitãcio;1832;62;3.38;42484;0.15
3509908;Interior;Cananãia;542;18;3.32;12379;0.15
3512803;Interior;Cosmãpolis;5222;105;2.01;72215;0.15
3553658;Interior;Taquaral;232;4;1.72;2753;0.15
3500303;Interior;Aguaã;1833;52;2.84;35885;0.14
3549409;Interior;São Joaquim da Barra;3563;73;2.05;50553;0.14
3504107;Interior;Atibaia;8371;203;2.43;140589;0.14
3546256;Interior;Santa Cruz da Esperanãa;111;3;2.70;2086;0.14
3517802;Interior;Guaraãaã;560;12;2.14;8400;0.14
3505401;Interior;Barra do Turvo;433;11;2.54;7709;0.14
3513306;Interior;Cruzãlia;107;3;2.80;2105;0.14
3547106;Interior;Santa Mercedes;115;4;3.48;2814;0.14
3542206;Interior;Rancharia;2245;41;1.83;28855;0.14
3535606;Interior;Paraibuna;897;26;2.90;18304;0.14
3554409;Interior;Terra Roxa;573;13;2.27;9170;0.14
3539707;Interior;Platina;175;5;2.86;3528;0.14
3526506;Interior;Lavãnia;651;12;1.84;8476;0.14
3516002;Interior;Flãrida Paulista;882;17;1.93;12060;0.14
3536604;Interior;Paulo de Faria;444;12;2.70;8520;0.14
3519006;Interior;Herculãndia;565;13;2.30;9310;0.14
3532702;Interior;Nipoã;323;7;2.17;5014;0.14
3544202;Interior;Riolãndia;974;16;1.64;11501;0.14
3556701;Interior;Vinhedo;6030;109;1.81;78440;0.14
3504503;Interior;Avarã;5796;122;2.10;87854;0.14
3523602;Interior;Itirapina;1122;24;2.14;17284;0.14
3524709;Interior;Jaguariãna;3493;77;2.20;55477;0.14
3508207;Interior;Buritizal;210;6;2.86;4323;0.14
3540606;Interior;Porto Feliz;5226;72;1.38;51907;0.14
3520103;Interior;Igarapava;1088;41;3.77;29560;0.14
3503703;Interior;Ariranha;378;13;3.44;9378;0.14
3537800;Interior;Piedade;3210;74;2.31;53656;0.14
3501400;Interior;ãlvaro de Carvalho;136;7;5.15;5079;0.14
3524006;Interior;Itupeva;4146;83;2.00;60255;0.14
3510203;Interior;Capão Bonito;3013;64;2.12;46521;0.14
3514908;Interior;Elias Fausto;980;24;2.45;17459;0.14
3507506;Interior;Botucatu;10803;194;1.80;142092;0.14
3505104;Interior;Barbosa;337;10;2.97;7345;0.14
3508405;Interior;Cabreãva;2947;68;2.31;50112;0.14
3505906;Interior;Batatais;2064;82;3.97;60502;0.14
3501004;Interior;Altinãpolis;679;21;3.09;15547;0.14
3531902;Interior;Morro Agudo;3078;44;1.43;32603;0.13
3529807;Interior;Mineiros do Tietã;943;17;1.80;12641;0.13
3541059;Interior;Pratãnia;463;7;1.51;5210;0.13
3539608;Interior;Planalto;414;7;1.69;5221;0.13
3515400;Interior;Fartura;976;21;2.15;15679;0.13
3537404;Interior;Pereira Barreto;1298;34;2.62;25411;0.13
3550407;Interior;São Pedro;3112;46;1.48;34408;0.13
3547205;Interior;Santana da Ponte Pensa;37;2;5.41;1497;0.13
3541653;Interior;Quadra;106;5;4.72;3745;0.13
3528809;Interior;Maracaã;999;18;1.80;13526;0.13
3527603;Interior;Luãs Antãnio;1133;19;1.68;14358;0.13
3513702;Interior;Descalvado;2388;43;1.80;32516;0.13
3525201;Interior;Jarinu;1703;40;2.35;30330;0.13
3553302;Interior;Tambaã;1772;30;1.69;22846;0.13
3557204;Interior;Chavantes;512;16;3.13;12229;0.13
3524303;Interior;Jaboticabal;4493;97;2.16;74352;0.13
3531803;Interior;Monte Mor;3867;79;2.04;60555;0.13
3542909;Interior;Ribeirão Bonito;606;17;2.81;13033;0.13
3500501;Interior;ãguas de Lindãia;998;24;2.40;18438;0.13
3520707;Interior;Indiaporã;143;5;3.50;3847;0.13
3540754;Interior;Potim;1321;27;2.04;20815;0.13
3538808;Interior;Piraju;1128;37;3.28;28552;0.13
3537503;Interior;Pereiras;645;11;1.71;8507;0.13
3532058;Interior;Motuca;240;6;2.50;4665;0.13
3510807;Interior;Casa Branca;1553;38;2.45;29549;0.13
3507159;Interior;Bom Sucesso de Itararã;117;5;4.27;3894;0.13
3546900;Interior;Santa Lãcia;488;11;2.25;8590;0.13
3524907;Interior;Jambeiro;271;8;2.95;6272;0.13
3544400;Interior;Rubiãcea;82;4;4.88;3138;0.13
3553955;Interior;Tarumã;924;19;2.06;14951;0.13
3546504;Interior;Santa Ernestina;342;7;2.05;5527;0.13
3518503;Interior;Guareã;2668;20;0.75;15844;0.13
3517307;Interior;Guaimbã;342;7;2.05;5547;0.13
3514502;Interior;Duartina;568;15;2.64;11941;0.13
3521705;Interior;Itaberã;1427;22;1.54;17615;0.12
3502903;Interior;Araãoiaba da Serra;1963;41;2.09;32846;0.12
3514601;Interior;Dumont;978;12;1.23;9659;0.12
3535507;Interior;Paraguaãu Paulista;2257;55;2.44;44310;0.12
3511409;Interior;Cerqueira Cãsar;1134;24;2.12;19350;0.12
3520004;Interior;Igaraãu do Tietã;1332;30;2.25;24206;0.12
3554706;Interior;Torrinha;770;12;1.56;9736;0.12
3540903;Interior;Pradãpolis;1286;26;2.02;21167;0.12
3550704;Interior;São Sebastião;5960;108;1.81;88156;0.12
3516606;Interior;Gãlia;314;8;2.55;6537;0.12
3508900;Interior;Caiabu;68;5;7.35;4104;0.12
3514106;Interior;Dois Cãrregos;1219;33;2.71;27151;0.12
3550209;Interior;São Miguel Arcanjo;1024;39;3.81;32115;0.12
3516200;Interior;Franca;19953;416;2.08;343801;0.12
3523008;Interior;Itapura;171;6;3.51;4965;0.12
3527702;Interior;Luiziãnia;171;7;4.09;5813;0.12
3539400;Interior;Piratininga;586;16;2.73;13305;0.12
3509452;Interior;Campina do Monte Alegre;370;7;1.89;5832;0.12
3517000;Interior;Getulina;744;13;1.75;10856;0.12
3524204;Interior;Jaborandi;387;8;2.07;6681;0.12
3529302;Interior;Matão;3022;96;3.18;80174;0.12
3521804;Interior;Itaã;1399;32;2.29;26725;0.12
3544103;RMSP (exceto capital);Rio Grande da Serra;1679;60;3.57;50313;0.12
3514304;Interior;Dourado;409;10;2.44;8466;0.12
3537701;Interior;Piacatu;517;7;1.35;5936;0.12
3554607;Interior;Timburi;92;3;3.26;2551;0.12
3540507;Interior;Porangaba;473;11;2.33;9380;0.12
3510401;Interior;Capivari;3359;64;1.91;54686;0.12
3532108;Interior;Murutinga do Sul;231;5;2.16;4283;0.12
3546405;Interior;Santa Cruz do Rio Pardo;2705;54;2.00;46276;0.12
3552304;Interior;Sud Mennucci;685;9;1.31;7728;0.12
3515004;RMSP (exceto capital);Embu das Artes;7669;317;4.13;273266;0.12
3556453;RMSP (exceto capital);Vargem Grande Paulista;1664;62;3.73;53613;0.12
3527900;Interior;Lutãcia;157;3;1.91;2615;0.11
3518404;Interior;Guaratinguetã;5604;136;2.43;118741;0.11
3514924;Interior;Elisiãrio;314;4;1.27;3518;0.11
3503109;Interior;Arandu;250;7;2.80;6168;0.11
3536570;Interior;Paulistãnia;78;2;2.56;1769;0.11
3549706;Interior;São Josã do Rio Pardo;1452;60;4.13;53277;0.11
3515301;Interior;Estrela do Norte;225;3;1.33;2668;0.11
3510104;Interior;Cãndido Rodrigues;105;3;2.86;2672;0.11
3556503;Interior;Vãrzea Paulista;4824;136;2.82;121482;0.11
3553005;Interior;Taguaã;1160;15;1.29;13503;0.11
3535309;Interior;Palmital;1589;24;1.51;21609;0.11
3542503;Interior;Reginãpolis;258;8;3.10;7204;0.11
3548906;Interior;São Carlos;16373;271;1.66;244036;0.11
3523503;Interior;Itatinga;1254;23;1.83;20752;0.11
3527306;Interior;Louveira;2774;54;1.95;48965;0.11
3503604;Interior;Areiãpolis;785;12;1.53;10900;0.11
3535200;Interior;Palmeira d'Oeste;486;10;2.06;9092;0.11
3536307;Interior;Patrocãnio Paulista;584;16;2.74;14592;0.11
3544251;Interior;Rosana;906;20;2.21;18320;0.11
3537206;Interior;Pedro de Toledo;252;12;4.76;11055;0.11
3534807;Interior;Ouro Verde;353;9;2.55;8306;0.11
3536109;Interior;Pardinho;407;7;1.72;6467;0.11
3522901;Interior;Itapuã;1015;15;1.48;13913;0.11
3550902;Interior;São Simão;624;16;2.56;14891;0.11
3542008;Interior;Quintana;291;7;2.41;6539;0.11
3511904;Interior;Clementina;594;9;1.52;8413;0.11
3506102;Interior;Bebedouro;3238;79;2.44;73969;0.11
3554300;Interior;Teodoro Sampaio;1313;24;1.83;22495;0.11
3543253;Interior;Ribeirão Grande;266;8;3.01;7515;0.11
3515905;Interior;Floreal;130;3;2.31;2842;0.11
3551603;Interior;Serra Negra;1653;29;1.75;27486;0.11
3523800;Interior;Itobi;496;8;1.61;7608;0.11
3555208;Interior;Turiãba;133;2;1.50;1905;0.10
3528601;Interior;Manduri;471;10;2.12;9562;0.10
3505807;Interior;Bastos;503;21;4.17;20296;0.10
3554508;Interior;Tietã;2178;42;1.93;41405;0.10
3545159;Interior;Saltinho;461;8;1.74;7898;0.10
3540408;Interior;Populina;126;4;3.17;3977;0.10
3548302;Interior;Santo Expedito;143;3;2.10;2986;0.10
3502408;Interior;Anhumas;181;4;2.21;3983;0.10
3507902;Interior;Brotas;425;24;5.65;24039;0.10
3537156;Interior;Pedrinhas Paulista;204;3;1.47;3015;0.10
3509700;Interior;Campos do Jordão;3367;50;1.49;50307;0.10
3512100;Interior;Colãmbia;294;6;2.04;6048;0.10
3538006;Interior;Pindamonhangaba;8390;163;1.94;164753;0.10
3506904;Interior;Bofete;543;11;2.03;11194;0.10
3549607;Interior;São Josã do Barreiro;194;4;2.06;4073;0.10
3555406;Interior;Ubatuba;5226;88;1.68;89782;0.10
3514809;Interior;Eldorado;1029;15;1.46;15331;0.10
3515129;Interior;Emilianãpolis;213;3;1.41;3069;0.10
3503406;Interior;Arealva;565;8;1.42;8223;0.10
3527207;Interior;Lorena;3556;84;2.36;86952;0.10
3548005;Interior;Santo Antãnio de Posse;1857;22;1.18;23027;0.10
3530201;Interior;Mirante do Paranapanema;509;17;3.34;17831;0.10
3553609;Interior;Tapiratiba;897;12;1.34;12602;0.10
3520400;Interior;Ilhabela;5424;32;0.59;33821;0.09
3547700;Interior;Santo Anastãcio;1032;19;1.84;20106;0.09
3531100;Interior;Mongaguã;1297;52;4.01;55216;0.09
3556404;Interior;Vargem Grande do Sul;1963;39;1.99;41684;0.09
3547601;Interior;Santa Rosa de Viterbo;1475;24;1.63;25732;0.09
3541703;Interior;Quatã;781;13;1.66;14025;0.09
3543204;Interior;Ribeirão do Sul;384;4;1.04;4351;0.09
3547502;Interior;Santa Rita do Passa Quatro;1052;24;2.28;26355;0.09
3521200;Interior;Iporanga;219;4;1.83;4424;0.09
3541802;Interior;Queiroz;153;3;1.96;3319;0.09
3531209;Interior;Monte Alegre do Sul;353;7;1.98;7792;0.09
3515608;Interior;Fernando Prestes;496;5;1.01;5568;0.09
3525854;Interior;Jumirim;260;3;1.15;3343;0.09
3508603;Interior;Cachoeira Paulista;1791;29;1.62;32381;0.09
3531704;Interior;Monteiro Lobato;149;4;2.68;4491;0.09
3551405;Interior;Serra Azul;993;11;1.11;12381;0.09
3505005;Interior;Barão de Antonina;168;3;1.79;3407;0.09
3537107;Interior;Pedreira;2555;41;1.60;46908;0.09
3556909;Interior;Vista Alegre do Alto;604;7;1.16;8091;0.09
3522307;Interior;Itapetininga;11063;139;1.26;161509;0.09
3507100;Interior;Bom Jesus dos Perdães;1624;21;1.29;24625;0.09
3538303;Interior;Piquerobi;152;3;1.97;3532;0.08
3538600;Interior;Piracaia;2310;22;0.95;26379;0.08
3532009;Interior;Morungaba;634;11;1.74;13359;0.08
3509403;Interior;Cajuru;657;21;3.20;25850;0.08
3503158;Interior;Arapeã;177;2;1.13;2469;0.08
3504701;Interior;Balbinos;306;3;0.98;3707;0.08
3538501;Interior;Piquete;281;11;3.91;13621;0.08
3554102;Interior;Taubatã;18246;248;1.36;309483;0.08
3519204;Interior;Iacri;185;5;2.70;6255;0.08
3549508;Interior;São Josã da Bela Vista;170;7;4.12;8762;0.08
3533205;Interior;Nova Independãncia;314;3;0.96;3774;0.08
3509957;Interior;Canas;150;4;2.67;5120;0.08
3553500;Interior;Tapiraã;327;6;1.83;7705;0.08
3528106;Interior;Macaubal;382;6;1.57;7738;0.08
3546009;Interior;Santa Branca;638;11;1.72;14212;0.08
3528403;Interior;Mairinque;2771;36;1.30;46569;0.08
3552106;Interior;Socorro;2269;30;1.32;38896;0.08
3507456;Interior;Borebi;125;2;1.60;2602;0.08
3504305;Interior;Avaã;254;4;1.57;5314;0.08
3506706;Interior;Boa Esperanãa do Sul;673;11;1.63;14658;0.08
3515350;Interior;Euclides da Cunha Paulista;257;7;2.72;9549;0.07
3539103;RMSP (exceto capital);Pirapora do Bom Jesus;1293;14;1.08;19139;0.07
3533700;Interior;Ocauãu;242;3;1.24;4143;0.07
3510302;Interior;Capela do Alto;1041;15;1.44;20828;0.07
3509106;Interior;Caiuã;238;4;1.68;5642;0.07
3536406;Interior;Paulicãia;299;5;1.67;7213;0.07
3553856;Interior;Taquarivaã;215;4;1.86;5803;0.07
3508702;Interior;Caconde;933;13;1.39;18893;0.07
3550506;Interior;São Pedro do Turvo;450;5;1.11;7389;0.07
3523404;Interior;Itatiba;7007;79;1.13;119084;0.07
3550001;Interior;São Luiz do Paraitinga;28;7;25.00;10584;0.07
3545407;Interior;Salto Grande;466;6;1.29;9125;0.07
3506300;Interior;Bernardino de Campos;383;7;1.83;10793;0.06
3521101;Interior;Ipeãna;384;5;1.30;7711;0.06
3552007;Interior;Silveiras;272;4;1.47;6240;0.06
3522158;Interior;Itaoca;230;2;0.87;3187;0.06
3519709;Interior;Ibiãna;2445;48;1.96;76867;0.06
3513405;Interior;Cruzeiro;3869;50;1.29;80128;0.06
3509809;Interior;Campos Novos Paulista;194;3;1.55;4841;0.06
3515194;Interior;Espãrito Santo do Turvo;202;3;1.49;4850;0.06
3542800;Interior;Ribeira;243;2;0.82;3240;0.06
3502002;Interior;Analãndia;245;3;1.22;4895;0.06
3519055;Interior;Holambra;1327;9;0.68;14711;0.06
3528700;Interior;Marabã Paulista;86;3;3.49;4942;0.06
3548203;Interior;Santo Antãnio do Pinhal;384;4;1.04;6643;0.06
3530904;Interior;Mombuca;208;2;0.96;3338;0.06
3510153;Interior;Canitar;397;3;0.76;5051;0.06
3532405;Interior;Nazarã Paulista;1073;11;1.03;18611;0.06
3513207;Interior;Cristais Paulista;594;5;0.84;8494;0.06
3554755;Interior;Trabiju;65;1;1.54;1716;0.06
3542107;Interior;Rafard;583;5;0.86;9014;0.06
3531506;Interior;Monte Azul Paulista;1189;10;0.84;18131;0.06
3537008;Interior;Pedregulho;246;9;3.66;16319;0.06
3533601;Interior;Nuporanga;261;4;1.53;7297;0.05
3521002;Interior;Iperã;1722;19;1.10;34800;0.05
3522000;Interior;Itaju;355;2;0.56;3688;0.05
3550605;Interior;São Roque;4392;47;1.07;88032;0.05
3529658;Interior;Mesãpolis;113;1;0.88;1893;0.05
3542701;Interior;Restinga;269;4;1.49;7575;0.05
3543808;Interior;Rinãpolis;241;5;2.07;9700;0.05
3540002;Interior;Pompãia;567;11;1.94;21384;0.05
3528908;Interior;Mariãpolis;149;2;1.34;3979;0.05
3547007;Interior;Santa Maria da Serra;362;3;0.83;6208;0.05
3529104;Interior;Marinãpolis;149;1;0.67;2096;0.05
3522653;Interior;Itapirapuã Paulista;436;2;0.46;4214;0.05
3541901;Interior;Queluz;750;6;0.80;12735;0.05
3508306;Interior;Cabrãlia Paulista;217;2;0.92;4306;0.05
3533106;Interior;Nova Guataporanga;160;1;0.63;2192;0.05
3555505;Interior;Ubirajara;216;2;0.93;4684;0.04
3543105;Interior;Ribeirão Corrente;153;2;1.31;4698;0.04
3554201;Interior;Tejupã;121;2;1.65;4707;0.04
3526605;Interior;Lavrinhas;206;3;1.46;7218;0.04
3526308;Interior;Lagoinha;135;2;1.48;4821;0.04
3510906;Interior;Cãssia dos Coqueiros;151;1;0.66;2486;0.04
3533809;Interior;ãleo;58;1;1.72;2517;0.04
3548609;Interior;São Bento do Sapucaã;408;4;0.98;10539;0.04
3540853;Interior;Pracinha;167;1;0.60;2921;0.03
3536802;Interior;Pedra Bela;161;2;1.24;5974;0.03
3514007;Interior;Dobrada;390;3;0.77;8985;0.03
3525409;Interior;Jeriquara;189;1;0.53;3141;0.03
3523701;Interior;Itirapuã;215;2;0.93;6311;0.03
3525508;Interior;Joanãpolis;752;4;0.53;12720;0.03
3532306;Interior;Natividade da Serra;99;2;2.02;6703;0.03
3556354;Interior;Vargem;142;3;2.11;10094;0.03
3502309;Interior;Anhembi;127;2;1.57;6755;0.03
3551108;Interior;Sarapuã;305;3;0.98;10206;0.03
3542305;Interior;Redenãão da Serra;80;1;1.25;3834;0.03
3503505;Interior;Areias;228;1;0.44;3860;0.03
3513603;Interior;Cunha;593;5;0.84;21660;0.02
3527801;Interior;Lupãrcio;167;1;0.60;4428;0.02
3554805;Interior;Tremembã;1714;10;0.58;46364;0.02
3538204;Interior;Pinhalzinho;510;3;0.59;14877;0.02
3504909;Interior;Bananal;723;2;0.28;10691;0.02
3505351;Interior;Barra do Chapãu;216;1;0.46;5561;0.02
3554953;Interior;Tuiuti;128;1;0.78;6597;0.02
3506201;Interior;Bento de Abreu;237;0;0.00;2966;0.00
3507209;Interior;Borã;48;0;0.00;811;0.00
3515657;Interior;Fernão;128;0;0.00;1656;0.00
3527504;Interior;Lucianãpolis;97;0;0.00;2264;0.00
3544707;Interior;Sagres;103;0;0.00;2362;0.00
3549300;Interior;São João do Pau d'Alho;103;0;0.00;1973;0.00
